Москва;136 065;83%
Санкт-Петербург;38 558;66%
Нижний Новгород;15 086;64%
Городской округ Нижний Новгород;15 086;64%
Екатеринбург;12 517;57%
Муниципальное образование Екатеринбург;12 517;57%
Алматы;12 249;242%
Краснодар;11 746;68%
Городской округ Краснодар;11 746;68%
Ростов-на-Дону;11 473;65%
Городской округ Ростов-на-Дону;11 473;65%
Новосибирск;9 557;48%
Городской округ Новосибирск;9 557;48%
Киев;9 253;81%
Минск;8 977;70%
Астана;8 253;410%
Городской округ Казань;7 861;76%
Казань;7 852;76%
Самара;7 844;58%
Городской округ Самара;7 844;58%
Уфа;6 363;60%
Городской округ Уфа;6 363;60%
Челябинск;5 853;50%
Челябинский городской округ;5 853;50%
Воронеж;5 576;50%
Городской округ Воронеж;5 576;50%
Пермь;5 331;51%
Городской округ Пермь;5 331;51%
Саратов;5 084;55%
Городской округ Саратов;5 084;55%
Волгоград;4 492;59%
Городской округ Волгоград;4 492;59%
Красноярск;4 461;44%
Городской округ Красноярск;4 461;44%
Омск;4 291;54%
Городской округ Омск;4 291;54%
Вашингтон;4 153;608%
Костанай;4 063;232%
Павлодар;4 005;367%
Городской округ Мытищи;3 926;189%
Ставрополь;3 816;59%
Городской округ Ставрополь;3 816;59%
Мытищи;3 794;200%
Долгопрудный;3 325;489%
Городской округ Долгопрудный;3 325;489%
Городской округ Брянск;2 981;69%
Брянск;2 980;69%
Караганда;2 943;202%
Тюмень;2 932;43%
Городской округ Тюмень;2 932;43%
Чебоксары;2 900;76%
Городской округ Чебоксары;2 900;76%
Витебск;2 895;76%
Пенза;2 859;57%
Городской округ Пенза;2 859;57%
Хабаровск;2 774;48%
Городской округ Хабаровск;2 774;48%
Курск;2 747;66%
Городской округ Курск;2 747;66%
Шымкент;2 640;499%
Ярославль;2 603;47%
Городской округ Ярославль;2 603;47%
Городской округ Киров;2 565;50%
Киров;2 560;50%
Тольятти;2 498;60%
Городской округ Тольятти;2 498;60%
Липецк;2 482;52%
Городской округ Липецк;2 482;52%
Городской округ Ульяновск;2 465;55%
Ульяновск;2 464;55%
Ижевск;2 448;45%
Городской округ Ижевск;2 448;45%
Оренбург;2 443;46%
Городской округ Оренбург;2 443;46%
Сочи;2 431;71%
Городской округ Сочи;2 431;71%
Белгород;2 408;56%
Городской округ Белгород;2 408;56%
Владивостокский городской округ;2 401;53%
Городской округ Тверь;2 398;57%
Тверь;2 396;57%
Владивосток;2 387;53%
Городской округ Тула;2 373;42%
Тула;2 364;42%
Барнаул;2 361;37%
Городской округ Барнаул;2 361;37%
Иркутск;2 316;34%
Городской округ Иркутск;2 316;34%
Саранск;2 299;83%
Городской округ Саранск;2 299;83%
Махачкала;2 272;74%
Городской округ Махачкала;2 272;74%
Атырау;2 267;569%
Рязань;2 232;44%
Городской округ Рязань;2 232;44%
Набережные Челны;2 093;77%
Городской округ Набережные Челны;2 093;77%
Лос-Анджелес;2 063;785%
Смоленск;2 023;57%
Городской округ Смоленск;2 023;57%
Гомель;1 926;44%
Актобе;1 918;399%
Владимир;1 879;48%
Городской округ Владимир;1 879;48%
Симферополь;1 835;53%
Городской округ Симферополь;1 835;53%
Кемерово;1 828;37%
Кемеровский городской округ;1 828;37%
Иваново;1 783;52%
Городской округ Иваново;1 783;52%
Гродно;1 771;61%
Владикавказ;1 761;98%
Городской округ Владикавказ;1 761;98%
Архангельск;1 754;63%
Муниципальное образование Архангельск;1 754;63%
Калининград;1 746;50%
Городской округ Калининград;1 746;50%
Усть-Каменогорск;1 664;185%
Вологда;1 648;46%
Городской округ Вологда;1 648;46%
Одинцовский район;1 632;55%
Уральск;1 626;330%
Могилёв;1 603;59%
Мурманск;1 516;58%
Городской округ Мурманск;1 516;58%
Городской округ Калуга;1 510;44%
Калуга;1 502;44%
Городской округ Люберцы;1 484;63%
Астрахань;1 453;52%
Городской округ Астрахань;1 453;52%
Томск;1 443;38%
Городской округ Томск;1 443;38%
Стамбул;1 432;413%
Тараз;1 431;426%
Городской округ Подольск;1 416;47%
Подольск;1 416;47%
Городской округ Балашиха;1 414;50%
Курган;1 410;54%
Городской округ Курган;1 410;54%
Петропавловск;1 350;222%
Нальчик;1 346;87%
Городской округ Нальчик;1 346;87%
Тамбов;1 319;44%
Городской округ Тамбов;1 319;44%
Берлин;1 298;195%
Брест;1 292;36%
Петрозаводск;1 283;54%
Петрозаводский городской округ;1 283;54%
Балашиха;1 277;47%
Городской округ Йошкар-Ола;1 277;68%
Йошкар-Ола;1 273;68%
Элиста;1 268;235%
Городской округ Элиста;1 268;235%
Великий Новгород;1 261;65%
Городской округ Великий Новгород;1 261;65%
Сыктывкар;1 217;54%
Городской округ Сыктывкар;1 217;54%
Димитровград;1 202;208%
Городской округ Димитровград;1 202;208%
Городской округ Красногорск;1 185;61%
Городской округ Химки;1 178;49%
Химки;1 176;49%
Актау;1 170;361%
Люберцы;1 167;65%
Городской округ Нижний Тагил;1 148;61%
Нижний Тагил;1 148;61%
Орёл;1 134;35%
Ханты-Мансийск;1 134;66%
Кокшетау;1 134;249%
Городской округ Орёл;1 134;35%
Городской округ Ханты-Мансийск;1 134;66%
Донецк;1 125;33%
Луганск;1 123;59%
Кострома;1 108;43%
Городской округ Кострома;1 108;43%
Одинцово;1 106;57%
Раменский район;1 075;59%
Кишинев;1 048;106%
Щёлковский район;1 025;67%
Грозный;1 008;108%
Городской округ Грозный;1 008;108%
Красногорск;1 006;66%
Экибастуз;994;761%
Кызылорда;974;592%
Анкара;943;261%
Тель-Авив;941;360%
Череповец;940;53%
Городской округ Череповец;940;53%
Волжский;937;58%
Городской округ Волжский;937;58%
Чита;923;33%
Городской округ Чита;923;33%
Нижневартовск;902;91%
Городской округ Нижневартовск;902;91%
Магнитогорск;887;48%
Пушкинский район;887;65%
Магнитогорский городской округ;887;48%
Городской округ Домодедово;880;68%
Домодедово;880;68%
Сургут;877;62%
Городской округ Сургут;877;62%
Новокузнецк;873;32%
Новокузнецкий городской округ;873;32%
Королёв;864;56%
Городской округ Королёв;864;56%
Ногинский район;848;64%
Ленинский район;846;64%
Семей;827;242%
Раменское;826;65%
Пятигорск;823;93%
Городской округ Пятигорск;823;93%
Сергиево-Посадский район;814;51%
Наро-Фоминский район;810;74%
Пушкино;809;70%
Щелково;801;72%
Псков;699;41%
Елец;699;168%
Городской округ Елец;699;168%
Городской округ Псков;699;41%
Стерлитамак;696;51%
Городской округ Стерлитамак;696;51%
Серпухов;671;71%
Городской округ Серпухов;671;71%
Севастополь;651;32%
Истринский район;646;54%
Ногинск;646;68%
Старооскольский городской округ;642;49%
Старый Оскол;642;49%
Франкфурт-на-Майне;638;18%
Благовещенск;636;45%
Рыбинск;636;74%
Городской округ Рыбинск;636;74%
Городской округ Благовещенск;636;45%
Нефтеюганск;621;70%
Городской округ Нефтеюганск;621;70%
Харьков;617;53%
Абакан;607;36%
Городской округ Абакан;607;36%
Видное;594;62%
Дмитровский район;572;49%
Всеволожский район;569;44%
Улан-Удэ;560;25%
Городской округ Улан-Удэ;560;25%
Южно-Сахалинск;551;44%
Городской округ Южно-Сахалинск;551;44%
Туапсинский район;550;100%
Нижнекамск;545;100%
Городской округ Новороссийск;544;49%
Новороссийск;544;49%
Орехово-Зуево;543;70%
Городской округ Орехово-Зуево;543;70%
Бендеры;532;713%
Сергиев Посад;528;43%
Таганрог;526;44%
Городской округ Таганрог;526;44%
Наро-Фоминск;522;75%
Альметьевск;521;71%
Темиртау;511;226%
Зеленоград;501;42%
Черкесск;500;67%
Городской округ Черкесск;500;67%
Талдыкорган;490;229%
Иерусалим;489;261%
Клинский район;486;55%
Тирасполь;479;65%
Солнечногорский район;475;48%
Городской округ Каменск-Уральский;473;52%
Каменск-Уральский;473;52%
Коломна;470;44%
Городской округ Коломна;470;44%
Дмитров;467;51%
Электросталь;462;55%
Городской округ Электросталь;462;55%
Дзержинск;452;60%
Городской округ Дзержинск;452;60%
Чеховский район;451;44%
Туапсе;449;118%
Тихвинский район;446;164%
Тихвин;446;168%
Тихвинское городское поселение;446;168%
Киришский район;441;152%
Городское поселение Киришское;440;157%
Кириши;440;157%
Городской округ Березниковский;432;102%
Березники;432;102%
Клин;430;53%
Воскресенский район;427;49%
Макеевка;427;55%
Майкоп;417;53%
Городской округ Майкоп;417;53%
Кстовский район;413;86%
Чехов;409;44%
Салават;402;77%
Городской округ Салават;402;77%
Карасайский район;398;1 596%
Каскелен;398;1 596%
Великие Луки;393;82%
Ивантеевка;393;76%
Городской округ Ивантеевка;393;76%
Городской округ Великие Луки;393;82%
Северодвинск;390;49%
Муниципальное образование Северодвинск;390;49%
Атланта;389;398%
Кстово;385;92%
Ялта;381;69%
Городской округ Ялта;381;69%
Балаковский район;369;53%
Рудный;369;159%
Балаково;369;53%
Городской округ Новомосковск;367;58%
Новомосковск;367;58%
Невинномысск;366;79%
Городской округ Невинномысск;366;79%
Ступинский район;362;55%
Выборгский район;359;51%
Хасавюрт;359;144%
Городской округ Хасавюрт;359;144%
Междуреченск;354;79%
Междуреченский городской округ;354;79%
Анапа;351;41%
Городской округ Анапа;351;41%
Энгельсский район;340;50%
Шадринск;340;107%
Городской округ Шадринск;340;107%
Александровский район;338;50%
Городской округ Армавир;338;61%
Армавир;338;61%
Реутов;334;51%
Городской округ Реутов;334;51%
Энгельс;333;51%
Нефтекамск;326;61%
Городской округ Нефтекамск;326;61%
Фрязино;323;64%
Городской округ Фрязино;323;64%
Волгодонск;319;55%
Городской округ Волгодонск;319;55%
Воскресенск;317;47%
Нью-Йорк;316;218%
Городской округ Ухта;314;46%
Ухта;314;46%
Городской округ Воркута;313;101%
Воркута;313;101%
Бийск;312;34%
Городской округ Бийск;312;34%
Братск;302;38%
Городской округ Братск;302;38%
Лобня;301;56%
Городской округ Лобня;301;56%
Туймазинский район;300;55%
Сызрань;298;45%
Городской округ Сызрань;298;45%
Железногорск;297;50%
Городской округ Железногорск;297;50%
Губкинский городской округ;296;74%
Губкин;296;74%
Уссурийский городской округ;295;73%
Кызыл;295;69%
Уссурийск;295;73%
Городской округ Кызыл;295;69%
Городской округ Егорьевск;294;61%
Истра;294;44%
Новый Уренгой;292;70%
Городской округ Новый Уренгой;292;70%
Орск;290;36%
Лангепас;290;70%
Городской округ Орск;290;36%
Городской округ Лангепас;290;70%
Конаковский район;287;84%
Обнинск;287;46%
Городской округ Обнинск;287;46%
Солнечногорск;283;45%
Лыткарино;283;89%
Городской округ Лыткарино;283;89%
Городской округ Первоуральск;282;54%
Первоуральск;282;54%
Жуковский;280;35%
Городской округ Жуковский;280;35%
Ковров;279;40%
Городской округ Ковров;279;40%
Рузский городской округ;277;66%
Салехард;275;60%
Дербент;275;88%
Волжск;275;164%
Городской округ Волжск;275;164%
Городской округ Салехард;275;60%
Городской округ Дербент;275;88%
Одесса;272;30%
Новочеркасск;270;49%
Городской округ Новочеркасск;270;49%
Вышний Волочёк;268;149%
Городской округ Вышний Волочёк;268;149%
Выборг;267;50%
Городское поселение Выборгское;267;50%
Городской округ Павловский Посад;264;74%
Туймазы;263;51%
Кимры;260;97%
Норильск;260;75%
Городской округ Кимры;260;97%
Городской округ Норильск;260;75%
Новочебоксарск;258;69%
Городской округ Новочебоксарск;258;69%
Егорьевск;257;57%
Дубна;256;44%
Городской округ Дубна;256;44%
Павловский Посад;255;77%
Якутск;254;30%
Городской округ Якутск;254;30%
Гатчинский район;253;28%
Ступино;251;47%
Новополоцк;250;248%
Златоустовский городской округ;250;67%
Златоуст;250;67%
Чайковский район;249;94%
Соликамск;243;114%
Бобруйск;243;139%
Городской округ Соликамск;243;114%
Чайковский;241;93%
Кировский район;240;73%
Ейский район;236;52%
Муром;236;41%
Городской округ Муром;236;41%
Александров;235;39%
Октябрьский;235;70%
Городской округ Октябрьский;235;70%
Апрелевка;234;109%
Горно-Алтайск;234;49%
Городской округ Горно-Алтайск;234;49%
Городской округ Краснотурьинск;233;108%
Краснотурьинск;233;108%
Прокопьевск;233;34%
Прокопьевский городской округ;233;34%
Мелеузовский район;230;77%
Мелеуз;230;79%
Лискинский район;221;135%
Лиски;221;135%
Новотроицк;220;97%
Городской округ Новотроицк;220;96%
Ейск;219;52%
Комсомольск-на-Амуре;217;33%
Городской округ Комсомольск-на-Амуре;217;33%
Керчь;216;50%
Городской округ Керчь;216;50%
Городской округ Феодосия;213;41%
Феодосия;213;41%
Камышин;212;52%
Городской округ Камышин;212;52%
Сиэтл;211;713%
Алчевск;211;86%
Каракиянский район;211;4 105%
Курык;211;4 105%
Городское поселение Гатчинское;210;30%
Гатчина;210;30%
Запорожье;208;43%
Днепр;207;33%
Арзамас;207;43%
Городской округ Арзамас;207;43%
Шатурский район;203;66%
Балхаш;201;258%
Кисловодск;200;80%
Городской округ Кисловодск;200;80%
Бостон;199;1 942%
Лысьва;196;81%
Лысьвенский городской округ;196;81%
Николаев;195;41%
Евпатория;193;46%
Искитим;193;93%
Лосино-Петровский;193;176%
Сумы;193;84%
Городской округ Лосино-Петровский;193;176%
Городской округ Искитим;193;93%
Городской округ Евпатория;193;46%
Хотьково;192;111%
Бурлинский район;191;472%
Нерюнгринский район;191;61%
Аксай;191;472%
Ангарский городской округ;190;30%
Ангарск;190;30%
Миасский городской округ;189;38%
Копейский городской округ;189;46%
Руза;189;63%
Копейск;189;46%
Миасс;189;38%
Городской округ Выкса;188;70%
Сосновый Бор;188;50%
Выкса;188;70%
Сосновоборский городской округ;188;50%
Сан-Франциско;186;149%
Кривой Рог;186;48%
Глазов;185;46%
Городской округ Глазов;185;46%
Казталовский район;184;6 643%
Казталовка;184;6 928%
Шатура;179;68%
Волоколамский район;178;62%
Малоярославецкий район;178;88%
Рузаевский район;174;137%
Городское поселение Всеволожское;174;33%
Всеволожск;174;33%
Рузаевка;174;137%
Малоярославец;172;97%
Петропавловск-Камчатский;171;24%
Городской округ Петропавловск-Камчатский;171;24%
Городской округ Звенигород;170;63%
Северск;169;61%
Городской округ ЗАТО Северск;169;61%
Звенигород;168;62%
Гусь-Хрустальный;167;82%
Волоколамск;167;66%
Георгиевск;167;83%
Городской округ Гусь-Хрустальный;167;81%
Городской округ Георгиевск;167;83%
Асбестовский городской округ;166;69%
Асбест;166;69%
Мактааральский район;165;2 592%
Городской округ Верхняя Пышма;163;53%
Верхняя Пышма;163;53%
Ноябрьск;162;72%
Дзержинский;162;43%
Городской округ Дзержинский;162;43%
Городской округ Ноябрьск;162;72%
Можайский район;160;50%
Анталья;159;66%
Каменск-Шахтинский;158;63%
Городской округ Каменск-Шахтинский;158;63%
Мичуринск;154;55%
Бузулук;154;44%
Городской округ Бузулук;154;44%
Городской округ Мичуринск;154;55%
Шахты;150;34%
Сарапул;150;65%
Городской округ Сарапул;150;65%
Городской округ Шахты;150;34%
Городской округ Зарайск;149;76%
Кингисеппский район;149;46%
Городской округ Алушта;149;48%
Алушта;149;48%
Новоуральский городской округ;147;45%
Можайск;147;53%
Новоуральск;147;45%
Петушинский район;146;70%
Зарайск;145;77%
Львов;144;66%
Городское поселение Шлиссельбургское;143;264%
Шлиссельбург;143;264%
Городской округ Михайловка;142;85%
Михайловка;142;85%
Ачинск;141;34%
Городской округ Ачинск;141;34%
Новомосковский административный округ;141;50%
Находка;140;41%
Находкинский городской округ;140;41%
Городской округ Геленджик;140;32%
Геленджик;140;32%
Щербинка;139;51%
Нягань;138;46%
Пушкинский район;138;38%
Капчагай;138;1 232%
Городской округ Нягань;138;46%
Городской округ Усинск;137;73%
Усинск;137;73%
Железногорск;137;63%
Железнодорожный;137;107%
Городской округ ЗАТО Железногорск;137;63%
Мюнхен;136;108%
Тосненский район;135;37%
Ярцевский район;135;97%
Ярцево;135;98%
Котлас;135;49%
Муниципальное образование Котлас;135;49%
Усть-Кутский район;134;66%
Марьина Горка;134;356%
Пуховичский район;134;356%
Херсон;133;57%
Усть-Кут;133;68%
Городской округ Кашира;132;45%
Мариуполь;131;43%
Кашира;129;48%
Берёзовский городской округ;128;49%
Ахтубинский район;128;98%
Каспийск;128;63%
Кизляр;128;77%
Берёзовский;128;49%
Городской округ Кизляр;128;77%
Городской округ Каспийск;128;63%
Городской округ Луховицы;127;43%
Жылыойский район;126;829%
Анжеро-Судженск;126;69%
Колпинский район;126;38%
Кульсары;126;829%
Анжеро-Судженский городской округ;126;69%
Городское поселение Кингисеппское;125;46%
Кингисепп;125;46%
Тобольск;125;36%
Городской округ Тобольск;125;36%
Павловский район;121;51%
Городской округ Апатиты;121;48%
Луховицы;121;45%
Апатиты;121;48%
Саткинский район;120;44%
Кинешма;120;39%
Рубцовск;120;25%
Городской округ Кинешма;120;39%
Городской округ Рубцовск;120;25%
Конаково;119;43%
Белово;118;42%
Шумерля;118;108%
Городской округ Шумерля;118;108%
Беловский городской округ;118;42%
Ахтубинск;118;99%
Белореченский район;117;78%
Клинцы;117;53%
Киселёвск;117;49%
Городской округ Клинцы;117;53%
Киселёвский городской округ;117;49%
Славянский район;116;54%
Новозыбков;116;117%
Когалым;116;59%
Жетысай;116;2 203%
Городской округ Новозыбков;116;117%
Городской округ Когалым;116;59%
Славянск-на-Кубани;115;59%
Гамбург;114;300%
Серовский городской округ;113;36%
Ишимбайский район;113;44%
Белореченск;113;89%
Павлово;113;56%
Серов;113;36%
Бердск;113;33%
Ишимбай;113;45%
Городской округ Бердск;113;33%
Полтава;112;41%
Минераловодский городской округ;111;49%
Сланцевский район;111;82%
Минеральные Воды;111;49%
Кременчуг;111;68%
Хайфа;110;428%
Волховский район;110;33%
Сланцевское городское поселение;110;85%
Сланцы;110;85%
Ленинск-Кузнецкий;110;43%
Ленинск-Кузнецкий городской округ;110;43%
Пушкин;107;36%
Новошахтинск;106;88%
Городской округ Ревда;106;60%
Городской округ Новошахтинск;106;88%
Ревда;106;60%
Полоцк;105;92%
Ессентуки;105;39%
Сатка;105;47%
Полоцкий район;105;92%
Городской округ Ессентуки;105;39%
Алексеевский район;104;40%
Колпино;104;41%
Городской округ Мончегорск;104;52%
Мончегорск;104;52%
Кумертау;104;54%
Городской округ Кумертау;104;54%
Городской округ Бор;103;45%
Озёрск;103;34%
Озёрский городской округ;103;34%
Бор;103;45%
Аксайский район;102;39%
Аксай;102;39%
Троицк;102;61%
Минусинск;102;31%
Крымский район;102;51%
Городской округ Минусинск;102;31%
Троицкий городской округ;102;61%
Кызылжарский район;101;1 286%
Азов;101;32%
Кузнецк;101;50%
Югорск;101;112%
Полярный;101;318%
Городской округ ЗАТО Александровск;101;318%
Бишкуль;101;1 347%
Городской округ Кузнецк;101;50%
Городской округ Югорск;101;112%
Городской округ Азов;101;32%
Снежинск;100;50%
Снежинский городской округ;100;50%
Надымский район;99;47%
Сарыагашский район;99;1 166%
Алексеевка;99;39%
Россошанский район;98;45%
Ишим;98;53%
Сибай;98;49%
Краснознаменск;98;51%
Городской округ Сибай;98;49%
Городской округ ЗАТО Краснознаменск;98;51%
Городской округ Ишим;98;53%
Учалинский район;97;45%
Учалы;96;46%
Приозерский район;95;51%
Россошь;95;45%
Столбцовский район;95;540%
Столбцы;95;540%
Биробиджан;94;39%
Городской округ Биробиджан;94;39%
Качирский район;93;2 194%
Теренколь;93;2 194%
Валуйский район;92;71%
Кубинка;92;41%
Валуйки;92;71%
Шебекинский район;91;43%
Переславль-Залесский;91;37%
Сарыагаш;91;1 165%
Городской округ Переславль-Залесский;91;37%
Жезказган;90;104%
Саров;90;42%
Зеленодольск;90;56%
Измир;90;110%
Городской округ Саров;90;42%
Бурабайский район;89;248%
Надым;89;48%
Барановичи;89;54%
Винница;89;41%
Енакиево;88;48%
Лужский район;88;45%
Нарьян-Мар;88;61%
Саки;88;42%
Городской округ Нарьян-Мар;88;61%
Городской округ Саки;88;42%
Крымск;86;51%
Благовещенский район;85;101%
Волхов;85;30%
Городское поселение Волховское;85;30%
Буйнакск;85;54%
Благовещенск;85;101%
Бугульма;85;34%
Радужный;85;71%
Зеленогорск;85;46%
Городской округ ЗАТО Зеленогорск;85;46%
Городской округ Радужный;85;71%
Городской округ Буйнакск;85;54%
Пущино;84;93%
Белебеевский район;84;24%
Шуя;84;55%
Щучинск;84;264%
Городской округ Шуя;84;55%
Городской округ Пущино;84;93%
Приволжский район;83;134%
Буденновский район;83;56%
Белорецкий район;83;24%
Байзакский район;83;2 545%
Приволжск;83;134%
Сарыкемер;83;2 545%
Старая Купавна;83;76%
Мегион;82;54%
Троицк;82;32%
Городской округ Мегион;82;54%
Троицкий административный округ;82;32%
Боровичский район;81;44%
Казалинский район;81;2 506%
Луга;81;44%
Нерюнгри;81;41%
Покров;81;114%
Лужское городское поселение;81;44%
Абайский район;80;367%
Боровичи;80;45%
Абай;80;443%
Айтеке-Би;80;3 348%
Горловка;80;15%
Орша;79;47%
Будённовск;79;62%
Юрга;79;27%
Белорецк;79;24%
Оршанский район;79;47%
Юргинский городской округ;79;27%
Магадан;78;24%
Шебекино;78;42%
Городской округ Магадан;78;24%
Полевской городской округ;77;40%
Касимов;77;82%
Полевской;77;40%
Городской округ Касимов;77;82%
Тутаевский район;76;60%
Район Печора;76;46%
Белебей;76;24%
Шахтинск;76;482%
Кушвинский городской округ;75;45%
Печора;75;47%
Кушва;75;45%
Пыть-Ях;75;84%
Городской округ Пыть-Ях;75;84%
Советский район;73;52%
Аягозский район;73;1 332%
Советский;73;52%
Аягоз;73;1 340%
Черкассы;72;39%
Усть-Илимск;72;29%
Туркестан;72;1 024%
Тутаев;72;64%
Городской округ Усть-Илимск;72;29%
Приозерск;71;58%
Краснокамск;71;85%
Урай;71;47%
Краснокамский район;71;85%
Электроугли;71;71%
Приозерское городское поселение;71;58%
Городской округ Урай;71;47%
Городецкий район;70;70%
Заволжье;70;70%
Дедовск;70;32%
Костомукшский городской округ;69;87%
Костомукша;69;87%
Курчатов;69;42%
Нахабино;69;40%
Городской округ Курчатов;69;42%
Городской округ Бронницы;68;65%
Бронницы;68;65%
Кандалакшский район;67;40%
Правобережный район;66;148%
Гайский городской округ;66;61%
Невьянский городской округ;66;60%
Коряжма;66;63%
Беслан;66;148%
Гай;66;61%
Воткинск;66;29%
Вятские Поляны;66;63%
Невьянск;66;60%
Пинск;66;31%
Городской округ Воткинск;66;29%
Городской округ Вятские Поляны;66;63%
Муниципальное образование Коряжма;66;63%
Бахчисарайский район;65;26%
Артёмовский городской округ;65;30%
Есильский район;65;1 451%
Артём;65;30%
Борисовский район;65;44%
Борисов;65;44%
Мугалжарский район;64;817%
Электрогорск;64;79%
Явленка;64;1 661%
Городской округ Электрогорск;64;79%
Балахнинский район;63;46%
Верхнесалдинский городской округ;63;37%
Лисичанск;63;67%
Кировск;63;37%
Верхняя Салда;63;37%
Белогорск;63;31%
Балахна;63;46%
Мозырский район;63;31%
Луцк;63;91%
Городское поселение город Балахна;63;46%
Мозырь;63;31%
Городской округ Белогорск;63;31%
Кировское городское поселение;63;37%
Кольчугинский район;62;54%
Темрюкский район;62;36%
Кольчугино;62;54%
Кандалакша;62;40%
Елабуга;62;40%
Темрюк;62;36%
Кропивницкий;62;48%
Яковлевский район;61;38%
Городской округ Инта;61;70%
Инта;61;70%
Назрань;60;42%
Усолье-Сибирское;60;23%
Городской округ Усолье-Сибирское;60;23%
Городской округ Назрань;60;42%
Кавказский район;59;28%
Тимашёвский район;59;32%
Кирово-Чепецк;59;32%
Городской округ Кирово-Чепецк;59;32%
Тихорецкий район;58;26%
Городской округ Судак;58;36%
Тихорецк;58;29%
Судак;58;36%
Тимашёвск;58;35%
Аксу;58;262%
Киржачский район;57;37%
Красноармейск;57;37%
Советск;57;51%
Городской округ Красноармейск;57;37%
Советский городской округ;57;51%
Вяземский район;56;31%
Сенно;56;571%
Кохма;56;99%
Сенненский район;56;571%
Строитель;56;40%
Городской округ Кохма;56;99%
Удомельский район;55;39%
Узловский район;55;40%
Удомля;55;39%
Узловая;55;40%
Тарановский район;55;745%
Тарановское;55;745%
Бахчисарай;55;26%
Бологовский район;54;64%
Толебийский район;54;1 042%
Красноперекопск;54;68%
Курортный район;54;64%
Сестрорецк;54;64%
Степногорск;54;100%
Кандыагаш;54;817%
Ленгер;54;1 042%
Городской округ Красноперекопск;54;68%
Чернигов;53;35%
Жодино;53;47%
Киржач;53;37%
Бологое;53;69%
Тосно;53;29%
Чистополь;53;60%
Чебаркуль;53;46%
Тосненское городское поселение;53;29%
Чебаркульский городской округ;53;46%
Сокольский район;52;51%
Сокол;52;51%
Должанск;52;47%
Лида;52;61%
Лидский район;52;58%
Белокалитвинский район;52;33%
Богородицкий район;51;49%
Богородицк;51;53%
Кропоткин;50;25%
Детройт;49;306%
Городской округ Озёры;49;42%
Североуральский городской округ;49;28%
Хмельницкий;49;26%
Солигорск;49;49%
Озёры;49;42%
Солигорский район;49;49%
Североуральск;49;28%
Сарань;49;377%
Мырзакент;49;4 847%
Городской округ Черноголовка;49;37%
Черноголовка;48;37%
Балашовский район;48;30%
Алгинский район;48;641%
Ломоносов;48;34%
Петродворцовый район;48;34%
Алга;48;641%
Тернополь;47;50%
Бердянск;47;49%
Торжок;47;36%
Губкинский;47;47%
Каменское;47;51%
Городской округ Торжок;47;36%
Городской округ Губкинский;47;47%
Дальнегорский городской округ;46;73%
Дальнегорск;46;73%
Кобрин;45;76%
Балашов;45;29%
Кобринский район;45;76%
Байконур;45;94%
Гаврилов-Ямский район;44;91%
Старорусский район;44;39%
Илийский район;44;161%
Донецк;44;45%
Гаврилов-Ям;44;91%
Отеген-Батыр;44;162%
Городской округ Донецк;44;45%
Жуковский район;43;70%
Джанкой;43;22%
Северодонецк;43;67%
Черновцы;43;31%
Жуковка;43;70%
Старая Русса;43;40%
Городской округ Джанкой;43;22%
Суздальский район;42;80%
Суздаль;42;80%
Риддер;42;142%
Кёльн;41;288%
Городской округ Лесной;41;26%
Вязьма;41;24%
Лесной;41;26%
Лесосибирск;41;32%
Городской округ Лесосибирск;41;32%
Городской округ Карпинск;40;62%
Козельский район;40;59%
Хромтауский район;40;347%
Карпинск;40;62%
Армянск;40;43%
Хромтау;40;347%
Голицыно;40;37%
Городской округ Армянск;40;43%
Енисейск;39;62%
Избербаш;39;43%
Городской округ Енисейск;39;62%
Городской округ Избербаш;39;43%
Режевской городской округ;38;27%
Городской округ Кировск;38;63%
Кармакшинский район;38;2 310%
Урюпинск;38;40%
Белая Калитва;38;28%
Ялуторовск;38;30%
Тында;38;41%
Кировск;38;63%
Реж;38;27%
Жосалы;38;2 310%
Богородское;38;81%
Богородское городское поселение;38;81%
Городской округ Ялуторовск;38;30%
Городской округ Урюпинск;38;40%
Городской округ Тында;38;41%
Гагаринский район;37;29%
Городской округ ЗАТО Североморск;37;47%
Гагарин;37;30%
Североморск;37;47%
Протвино;37;30%
Городской округ Протвино;37;30%
Красносулинский район;36;44%
Осиповичи;36;123%
Мамадышский район;36;72%
Бейнеуский район;36;652%
Вичуга;36;43%
Красный Сулин;36;44%
Мамадыш;36;72%
Осиповичский район;36;123%
Бейнеу;36;652%
Городской округ Вичуга;36;43%
Бухар-Жырауский район;35;228%
Петушки;35;43%
Речицкий район;35;50%
Ботакара;35;228%
Алакольский район;34;769%
Павлоград;34;53%
Костанайский район;34;237%
Ушарал;34;827%
Затобольск;34;237%
Лисаковск;34;144%
Лебедянский район;33;49%
Ростовский район;33;28%
Атбасарский район;33;254%
Житомир;33;33%
Ростов;33;28%
Атбасар;33;254%
Лебедянь;33;49%
Харцызск;32;27%
Зерендинский район;32;461%
Жигулёвск;32;16%
Зеренда;32;461%
Городской округ Жигулёвск;32;16%
Великоустюгский район;31;32%
Район Сосногорск;31;63%
Великий Устюг;31;32%
Сосногорск;31;63%
Радужный;31;105%
Никополь;31;66%
Городской округ Радужный;31;105%
Злынковский район;30;234%
Лахденпохский район;30;195%
Балаклейский район;30;217%
Слуцк;30;41%
Балаклея;30;217%
Отрадный;30;24%
Саяногорск;30;26%
Лахденпохья;30;195%
Злынка;30;234%
Слуцкий район;30;41%
Кронштадтский район;30;57%
Мукачево;30;108%
Кронштадт;30;57%
Городской округ Отрадный;30;24%
Городской округ Саяногорск;30;26%
Городской округ Красноуфимск;30;26%
Красноуфимск;30;26%
Речица;29;42%
Бескарагайский район;29;1 021%
Ровно;29;27%
Мыски;29;30%
Краматорск;29;21%
Бескарагай;29;1 021%
Мысковский городской округ;29;30%
Качканарский городской округ;28;25%
Цимлянский район;28;82%
Сайрамский район;28;267%
Жамбылский район;28;711%
Ржев;28;14%
Цимлянск;28;82%
Коркино;28;31%
Коркинский район;28;31%
Аса;28;711%
Аксукент;28;267%
Городской округ Ржев;28;14%
Качканар;28;25%
Лабинский район;27;26%
Молодечно;27;29%
Городской округ Оленегорск;27;33%
Сортавала;27;30%
Оленегорск;27;33%
Молодечненский район;27;29%
Сортавальский район;27;30%
Лабинск;27;26%
Собинский район;26;40%
Аккольский район;26;418%
Зыряновский район;26;117%
Городское поселение Светогорское;26;90%
Алтынсаринский район;26;1 148%
Собинка;26;40%
Светогорск;26;90%
Ирбит;26;25%
Стрежевой;26;23%
Мстиславский район;26;268%
Акколь;26;418%
Зыряновск;26;137%
Убаганское;26;1 148%
Мстиславль;26;268%
Городской округ Стрежевой;26;23%
Муниципальное образование Ирбит;26;25%
Бокситогорский район;25;40%
Кондопожский район;25;27%
Курганинский район;25;31%
Тавдинский городской округ;25;46%
Городское поселение Бокситогорское;25;40%
Ужгород;25;47%
Сырдарьинский район;25;1 813%
Козельск;25;54%
Бокситогорск;25;40%
Новодвинск;25;29%
Тавда;25;46%
Курганинск;25;31%
Теренозек;25;1 813%
Муниципальное образование Новодвинск;25;29%
Фурмановский район;24;25%
Дзержинск;24;55%
Жлобин;24;35%
Быково;24;42%
Кондопога;24;27%
Северобайкальск;24;26%
Жлобинский район;24;35%
Дзержинский район;24;44%
Фурманов;24;25%
Славянск;24;23%
Сандыктауский район;24;554%
Балкашино;24;554%
Жанаозен;24;181%
Городское поселение Быково;24;42%
Городской округ Северобайкальск;24;26%
Жирновский район;23;76%
Жирновск;23;76%
Заринск;23;22%
Городской округ Заринск;23;22%
Беломорский район;22;87%
Медвежьегорский район;22;47%
Сегежский район;22;21%
Городское поселение Сертоловское;22;23%
Махамбетский район;22;836%
Сертолово;22;23%
Беломорск;22;87%
Малин;22;405%
Медвежьегорск;22;47%
Махамбет;22;836%
Курчатов;22;397%
Тячевский район;21;199%
Приморско-Ахтарский район;21;27%
Железинский район;21;549%
Сегежа;21;22%
Приморско-Ахтарск;21;27%
Ошмянский район;21;168%
Ошмяны;21;168%
Железинка;21;549%
Тячев;21;199%
Городской округ Ефремов;20;11%
Ивано-Франковск;20;31%
Ефремов;20;11%
Свободный;20;25%
Баксан;20;50%
Городской округ Свободный;20;25%
Городской округ Баксан;20;50%
Горишние Плавни;19;90%
Веневский район;19;37%
Подпорожский район;19;22%
Мелитополь;19;17%
Макатский район;19;726%
Шуский район;19;297%
Венёв;19;37%
Подпорожье;19;24%
Лепельский район;19;103%
Шортандинский район;19;404%
Шортанды;19;404%
Макат;19;726%
Лепель;19;103%
Подпорожское городское поселение;19;24%
Ленинский район;18;19%
Тайшетский район;18;14%
Хвалынский район;18;69%
Талгарский район;18;81%
Бельцы;18;55%
Чингирлауский район;18;732%
Район имени Габита Мусрепова;18;203%
Балтийск;18;45%
Алейск;18;33%
Хвалынск;18;69%
Балтийский район;18;45%
Талгар;18;81%
Чингирлау;18;732%
Сатпаев;18;69%
Новоишимское;18;258%
Городской округ Алейск;18;33%
Нефтекумский район;17;44%
Белоярский район;17;33%
Таймырский Долгано-Ненецкий район;17;65%
Белоярский;17;33%
Черемхово;17;14%
Дудинка;17;65%
Нефтекумск;17;44%
Городской округ Черемхово;17;14%
Кашинский район;16;32%
Светлогорск;16;26%
Жамбылский район;16;192%
Верхнеуфалейский городской округ;16;19%
Казыгуртский район;16;701%
Кашин;16;32%
Верхний Уфалей;16;19%
Бурса;16;25%
Светлогорский район;16;26%
Узынагаш;16;192%
Казыгурт;16;701%
Самсун;16;145%
Нижнетуринский городской округ;15;16%
Осинский район;15;40%
Шумихинский район;15;57%
Колпашевский район;15;38%
Нижняя Тура;15;16%
Колпашево;15;38%
Сосенский;15;69%
Оса;15;40%
Шумиха;15;57%
Правдинский;15;52%
Городское поселение Правдинский;15;52%
Апшеронский район;14;26%
Амурский район;14;10%
Кыштымский городской округ;14;14%
Мангистауский район;14;339%
Тупкараганский район;14;340%
Ивангородское городское поселение;14;42%
Ивангород;14;42%
Апшеронск;14;26%
Кыштым;14;14%
Тайшет;14;13%
Аршалынский район;14;256%
Форт-Шевченко;14;340%
Аршалы;14;256%
Шу;14;249%
Шетпе;14;339%
Загорянский;14;40%
Городское поселение Загорянский;14;40%
Волосовский район;13;20%
Руднянский район;13;86%
Угличский район;13;9%
Семикаракорский район;13;27%
Городское поселение Волосовское;13;20%
Городской округ ?Охинский?;13;43%
Акжаикский район;13;485%
Арсеньевский городской округ;13;18%
Кордайский район;13;250%
Рудня;13;86%
Углич;13;9%
Волосово;13;20%
Полысаево;13;26%
Арсеньев;13;18%
Оха;13;43%
Первомайск;13;51%
Ивацевичский район;13;55%
Семикаракорск;13;27%
Миргород;13;86%
Кордай;13;259%
Ивацевичи;13;55%
Полысаевский городской округ;13;26%
Черняховский городской округ;12;19%
Питкярантский район;12;35%
Нижнеломовский район;12;28%
Нижнеудинский район;12;10%
Шелеховский район;12;14%
Курмангазинский район;12;300%
Пружаны;12;57%
Нижний Ломов;12;28%
Нижнеудинск;12;10%
Шелехов;12;14%
Мирный;12;17%
Питкяранта;12;35%
Черняховск;12;19%
Пружанский район;12;57%
Ганюшкино;12;300%
Чапаев;12;506%
Мирнинский район;12;17%
Штутгарт;11;48%
Жуковский район;11;56%
Дубовский район;11;39%
Жаркаинский район;11;259%
Житикаринский район;11;86%
Усть-Катавский городской округ;11;15%
Фокино;11;48%
Дубовка;11;39%
Усть-Катав;11;15%
Амурск;11;8%
Анадырь;11;24%
Умань;11;39%
Белоусово;11;56%
Державинск;11;259%
Житикара;11;86%
Городской округ Фокино;11;48%
Городской округ Анадырь;11;24%
Калязинский район;10;21%
Чудовский район;10;23%
Климовичи;10;73%
Жалагашский район;10;928%
Калязин;10;21%
Чудово;10;23%
Ванино;10;34%
Климовичский район;10;73%
Ванинский район;10;34%
Эмба;10;819%
Жалагаш;10;928%
Корсаковский городской округ;9;26%
Багратионовский район;9;61%
Неманский район;9;50%
Пестовский район;9;28%
Кемский район;9;20%
Зайсан;9;311%
Глубоковский район;9;76%
Зайсанский район;9;311%
Сырымский район;9;221%
Тайыншинский район;9;101%
Волковыск;9;30%
Пестово;9;28%
Кемь;9;20%
Багратионовск;9;61%
Неман;9;50%
Волковысский район;9;30%
Городское поселение Коммунарское;9;17%
Наурзумский район;9;836%
Красный Яр;9;764%
Глубокое;9;76%
Жымпиты;9;221%
Караменды;9;836%
Тайынша;9;122%
Коммунар;9;17%
Корсаков;9;26%
Пудожский район;8;50%
Кагальницкий район;8;58%
Ленский район;8;19%
Актогайский район;8;197%
Индерский район;8;337%
Байганинский район;8;224%
Сарысуский район;8;459%
Жанакорганский район;8;354%
Скопин;8;13%
Ленск;8;19%
Пудож;8;50%
Енбекшиказахский район;8;44%
Аркалык;8;136%
Карауылкелды;8;224%
Есик;8;49%
Индерборский;8;337%
Жанатас;8;512%
Актогай;8;220%
Жанакорган;8;354%
Абай;8;1 180%
Кагальницкая;8;58%
Городской округ Скопин;8;13%
Холмский городской округ;7;20%
Шклов;7;38%
Глубокое;7;33%
Рогачёв;7;24%
Черноморск;7;42%
Коксуский район;7;236%
Ескельдинский район;7;101%
Шетский район;7;145%
Кокпектинский район;7;209%
Район Шал акына;7;176%
Исатайский район;7;473%
Ордабасинский район;7;290%
Любань;7;55%
Берегово;7;117%
Тулун;7;5%
Каменец-Подольский;7;22%
Лунинецкий район;7;30%
Рогачёвский район;7;24%
Шкловский район;7;38%
Глубокский район;7;33%
Лунинец;7;30%
Фастов;7;32%
Конотоп;7;13%
Александрия;7;31%
Светловодск;7;51%
Балпык;7;236%
Карабулак;7;101%
Аккистау;7;473%
Кокпекты;7;209%
Аксу-Аюлы;7;215%
Сергеевка;7;176%
Темирлановка;7;290%
Холмск;7;20%
Городской округ Тулун;7;5%
Любанский район;7;55%
Василевичи;6;417%
Новая Каховка;6;29%
Городское поселение Онежское;6;15%
Онежский район;6;15%
Ирпень;6;38%
Володарский район;6;16%
Сморгонь;6;22%
Быхов;6;40%
Кежемский район;6;22%
Баянаульский район;6;211%
Жанибекский район;6;824%
Мамлютский район;6;187%
Темирский район;6;117%
Бровары;6;25%
Онега;6;15%
Володарск;6;16%
Сморгонский район;6;22%
Быховский район;6;40%
Чаусский район;6;57%
Чаусы;6;57%
Кодинск;6;22%
Буландынский район;6;114%
Абайский район;6;799%
Макинск;6;114%
Шубаркудук;6;121%
Карааул;6;799%
Жанибек;6;824%
Баянаул;6;211%
Мамлютка;6;187%
Арысь;6;281%
Городское поселение город Володарск;6;16%
Харовский район;5;33%
Печенгский район;5;17%
Дновский район;5;33%
Логойск;5;35%
Несвиж;5;26%
Петриков;5;41%
Свалявский район;5;52%
Туруханский район;5;119%
Алданский район;5;10%
Кербулакский район;5;188%
Панфиловский район;5;85%
Николаевский район;5;18%
Улытауский район;5;156%
Жарминский район;5;98%
Курчумский район;5;252%
Амангельдинский район;5;593%
Шалкарский район;5;234%
Дно;5;33%
Серафимович;5;41%
Игарка;5;119%
Алдан;5;10%
Николаевск-на-Амуре;5;18%
Советская Гавань;5;11%
Смолевичи;5;16%
Харовск;5;33%
Заполярный;5;17%
Петриковский район;5;41%
Логойский район;5;28%
Несвижский район;5;26%
Смолевичский район;5;16%
Советско-Гаванский район;5;11%
Нежин;5;31%
Есильский район;5;62%
Бурабай;5;124%
Есиль;5;62%
Шалкар;5;234%
Жаркент;5;85%
Сарыозек;5;192%
Курчум;5;300%
Толе Би;5;643%
Улытау;5;205%
Амангельды;5;593%
Эскишехир;5;39%
Серафимовичский район;5;41%
Свалява;5;52%
Вознесенск;5;33%
Городской округ Певек;4;70%
Свердловский район;4;31%
Городское поселение Змиёвка;4;31%
Бучачский район;4;112%
Комрат;4;20%
Дятлово;4;35%
Трускавец;4;75%
Урджарский район;4;124%
Карасуский район;4;87%
Вилейка;4;18%
Айыртауский район;4;68%
Акжарский район;4;206%
Район Магжана Жумабаева;4;50%
Кызылкогинский район;4;145%
Тюлькубасский район;4;145%
Таласский район;4;141%
Аральский район;4;124%
Шиелийский район;4;117%
Змиёвка;4;31%
Бучач;4;112%
Киренск;4;18%
Певек;4;70%
Дятловский район;4;35%
Щучинский район;4;29%
Вилейский район;4;18%
Стародорожский район;4;50%
Старые Дороги;4;50%
Щёлкино;4;14%
Смела;4;13%
Соледар;4;59%
Миялы;4;145%
Калбатау;4;93%
Урджар;4;151%
Каратау;4;146%
Приозёрск;4;88%
Карасу;4;87%
Шиели;4;117%
Булаево;4;53%
Ленинградское;4;1 436%
Турара Рыскулова;4;145%
Щучин;4;29%
Пересвет;4;13%
Саумалколь;4;73%
Аральск;4;124%
Киренский район;4;18%
Бахмутский район;4;59%
Дрогичин;3;21%
Хойники;3;33%
Городское поселение Мезенское;3;27%
Слоним;3;8%
Верхнедвинск;3;24%
Кавалеровский район;3;19%
Докшицы;3;28%
Каркаралинский район;3;118%
Аулиекольский район;3;55%
Камыстинский район;3;122%
Чернобыль;3;23%
Толочин;3;20%
Кавалерово;3;19%
Мезень;3;27%
Поронайск;3;7%
Дрогичинский район;3;21%
Карабулак;3;19%
Хойникский район;3;33%
Слонимский район;3;8%
Верхнедвинский район;3;24%
Докшицкий район;3;28%
Толочинский район;3;20%
Шостка;3;13%
Городской округ Ногликский;3;22%
Поронайский городской округ;3;7%
Енбекшильдерский район;3;134%
Успенский район;3;107%
Мезенский район;3;27%
Степняк;3;134%
Каркаралинск;3;122%
Аулиеколь;3;55%
Камысты;3;122%
Успенка;3;107%
Городской округ Карабулак;3;19%
Ноглики;3;22%
Иванковский район;3;23%
Скадовский район;2;13%
Бобровицкий район;2;103%
Килийский район;2;28%
Любимский район;2;16%
Жолковский район;2;71%
Ардатовский район;2;12%
Яворовский район;2;60%
Белыничи;2;21%
Астраханский район;2;48%
Ерейментауский район;2;42%
Джангельдинский район;2;370%
Сарыкольский район;2;56%
Белая Церковь;2;3%
Зеленовский район;2;181%
Каратобинский район;2;87%
Аккайынский район;2;55%
Жамбылский район;2;69%
Каргалинский район;2;113%
Рыскуловский район;2;99%
Чечерск;2;26%
Буча;2;44%
Белгород-Днестровский;2;10%
Внуково;2;20%
Вилково;2;125%
Вышгород;2;17%
Калуш;2;12%
Северо-Курильск;2;98%
Немиров;2;106%
Чечерский район;2;26%
Белыничский район;2;21%
Рава-Русская;2;334%
Миорский район;2;20%
Любим;2;16%
Ардатов;2;12%
Городское поселение рабочий поселок Ардатов;2;12%
Северо-Курильский городской округ;2;98%
Углегорский муниципальный район;2;13%
Скадовск;2;13%
Яворов;2;60%
Миоры;2;20%
Астраханка;2;48%
Ерейментау;2;42%
Бадамша;2;113%
Текели;2;40%
Кулан;2;99%
Дарьинское;2;181%
Каратобе;2;87%
Сарыколь;2;56%
Тургай;2;370%
Пресновка;2;69%
Смирново;2;55%
Кентау;2;46%
Бобровица;2;103%
Шахтерск;2;36%
Немировский район;2;106%
Вышгородский район;2;17%
Ренийский район;1;19%
Иршавский район;1;17%
Староконстантиновский район;1;16%
Житковичи;1;7%
Олекминск;1;12%
Балхашский район;1;84%
Здолбуновский район;1;42%
Золотоноша;1;14%
Гдовский район;1;6%
Кричев;1;5%
Крупки;1;8%
Олекминский район;1;12%
Хангаласский район;1;10%
Уйгурский район;1;39%
Бородулихинский район;1;15%
Уланский район;1;441%
Городское поселение Приморское;1;9%
Тимирязевский район;1;39%
Мартукский район;1;35%
Байдибекский район;1;113%
Шардаринский район;1;47%
Меркенский район;1;30%
Мойынкумский район;1;69%
Костюковичи;1;7%
Ганцевичи;1;7%
Углегорск;1;11%
Приморск;1;9%
Чугуев;1;4%
Здолбунов;1;42%
Ковель;1;9%
Лубны;1;3%
Коростышев;1;18%
Южно-Курильск;1;24%
Олевск;1;33%
Пионерский;1;6%
Пологи;1;12%
Ганцевичский район;1;7%
Житковичский район;1;6%
Прилуки;1;7%
Свислочский район;1;17%
Рени;1;19%
Кричевский район;1;5%
Костюковичский район;1;7%
Клецкий район;1;8%
Крупский район;1;8%
Клецк;1;8%
Тростянец;1;25%
Измаил;1;1%
Иршава;1;17%
Гдов;1;6%
Шепетовка;1;9%
Покровск;1;10%
Каратальский район;1;21%
Кипучее;1;39%
Южно-Курильский городской округ;1;24%
Староконстантинов;1;16%
Егиндыкольский район;1;84%
Шарбактынский район;1;27%
Карабалыкский район;1;14%
Егиндыколь;1;84%
Мартук;1;35%
Баканас;1;84%
Уштобе;1;21%
Чунджа;1;39%
Бозанбай;1;441%
Бородулиха;1;23%
Чарск;1;124%
Мерке;1;30%
Мойынкум;1;69%
Тайпак;1;326%
Каражал;1;66%
Карабалык;1;14%
Октябрьский;1;188%
Шарбакты;1;27%
Корнеевка;1;159%
Тимирязево;1;39%
Шардара;1;47%
Шаян;1;113%
Казалинск;1;118%
Тростянецкий район;1;25%
Ямбург;1;20%
Пионерский городской округ;1;6%
Свислочь;1;17%
Волновахский район;1;11%
Коростышевский район;1;18%
Олевский район;1;33%
Пологовский район;1;12%
Перевальский район;1;39%